
	<!DOCTYPE project [
		<!ELEMENT project (objectids-table | current-scenario | duration | aggregation-period | truncated-mean | percentile)* >
	
		<!ELEMENT objectids-table (objectids-entry)* >
		<!ELEMENT objectids-entry (#PCDATA)>
		<!ELEMENT duration (#PCDATA)>
		<!ELEMENT truncated-mean (#PCDATA)>
		<!ELEMENT percentile (#PCDATA)>
		<!ELEMENT aggregation-period (#PCDATA)>
		<!ELEMENT current-scenario (#PCDATA)>
		<!ATTLIST duration
		    value CDATA #REQUIRED>
	    <!ATTLIST aggregation-period
		    value CDATA #REQUIRED>
		<!ATTLIST objectids-entry
		    objectid CDATA #REQUIRED
		    type CDATA #REQUIRED
		    value CDATA #REQUIRED
		    key CDATA #REQUIRED>
		<!ATTLIST truncated-mean
		    centered-interval CDATA #REQUIRED
		    percentage CDATA #REQUIRED>
		 <!ATTLIST percentile
		    percentage CDATA #REQUIRED>
	]>


<!--****** RUNTIME PROJECT ******--><project>
<!--****** CURRENT SCENARIO ******-->
<current-scenario>scenario1</current-scenario>
<!--****** OBJECTIDS ******-->
<objectids-table>
<objectids-entry key="" objectid="0" type="LG_HOST" value="localhost:7100"/>
<objectids-entry key="" objectid="1" type="ZONE" value="Default zone"/>
<objectids-entry key="Default zone¤Population1¤" objectid="2" type="POPULATION" value="Population1"/>
<objectids-entry key="Default zone¤Population1¤TestMe2.0" objectid="3" type="VIRTUAL_USER" value="TestMe2.0"/>
<objectids-entry key="Default zone¤Population1¤TestMe2.0" objectid="4" type="BASIC_LOGICAL_CONTAINER" value="$parent=TestMe2.0;$index=0"/>
<objectids-entry key="Default zone¤Population1¤TestMe2.0" objectid="5" type="BASIC_LOGICAL_CONTAINER" value="aca0927b-8cd5-4e2a-ba84-064f5dd3ca7f"/>
<objectids-entry key="Default zone¤Population1¤TestMe2.0" objectid="6" type="HTTP_PAGE" value="251a6c8c-55ff-4725-a5d8-e8061116cafe"/>
<objectids-entry key="Default zone¤Population1¤TestMe2.0" objectid="7" type="ACTION" value="b6c6a443-8e7e-462e-b0a9-9fe7586eb05a"/>
<objectids-entry key="Default zone¤Population1¤TestMe2.0" objectid="8" type="ACTION" value="b68de855-21b1-48d4-a2ec-09e8b9b7dc21"/>
<objectids-entry key="Default zone¤Population1¤TestMe2.0" objectid="9" type="ACTION" value="ea2d0c1c-d33f-415e-8a71-52edab909632"/>
<objectids-entry key="Default zone¤Population1¤TestMe2.0" objectid="10" type="ACTION" value="6ea67bdc-0824-4ed5-b8c0-90b3b1ab147f"/>
<objectids-entry key="Default zone¤Population1¤TestMe2.0" objectid="11" type="ACTION" value="fe02c7b0-42cc-44e7-9f1c-1e9bbabb4bf5"/>
<objectids-entry key="Default zone¤Population1¤TestMe2.0" objectid="12" type="ACTION" value="ba153140-cadf-4f0e-97e6-d2dd2e059a34"/>
<objectids-entry key="Default zone¤Population1¤TestMe2.0" objectid="13" type="ACTION" value="40e162fd-88fd-4014-b33f-2ba21704231d"/>
<objectids-entry key="Default zone¤Population1¤TestMe2.0" objectid="14" type="ACTION" value="c28db826-ed30-4cbd-bc00-c93663bebbaa"/>
<objectids-entry key="Default zone¤Population1¤TestMe2.0" objectid="15" type="ACTION" value="acb8c6cb-6f5c-401c-b80e-4ee94ed47d7a"/>
<objectids-entry key="Default zone¤Population1¤TestMe2.0" objectid="16" type="ACTION" value="8587afd8-d162-4f36-8e1f-c64c38a4c264"/>
<objectids-entry key="Default zone¤Population1¤TestMe2.0" objectid="17" type="ACTION" value="a6766270-8763-4d5c-b7e9-c8c70bb0508b"/>
<objectids-entry key="Default zone¤Population1¤TestMe2.0" objectid="18" type="BASIC_LOGICAL_CONTAINER" value="$parent=TestMe2.0;$index=1"/>
<objectids-entry key="Default zone¤Population1¤TestMe2.0" objectid="19" type="BASIC_LOGICAL_CONTAINER" value="0cbdff5d-abca-4cda-8680-effae530f5cd"/>
<objectids-entry key="Default zone¤Population1¤TestMe2.0" objectid="20" type="HTTP_PAGE" value="e207de38-f461-4865-94a4-a4821c04d29d"/>
<objectids-entry key="Default zone¤Population1¤TestMe2.0" objectid="21" type="ACTION" value="96bd9964-1800-4f28-b4b9-22c55eab089a"/>
<objectids-entry key="Default zone¤Population1¤TestMe2.0" objectid="22" type="ACTION" value="7e2b2b13-dbea-44fd-bd14-8837a9b2c9a0"/>
<objectids-entry key="Default zone¤Population1¤TestMe2.0" objectid="23" type="ACTION" value="8a6faf04-514a-4b66-80c2-b32751ecde41"/>
<objectids-entry key="Default zone¤Population1¤TestMe2.0" objectid="24" type="ACTION" value="2a71fd87-6e4b-48ea-9eaa-8423f0236569"/>
<objectids-entry key="Default zone¤Population1¤TestMe2.0" objectid="25" type="ACTION" value="151e8730-2fbf-4722-8703-e380937e7e42"/>
<objectids-entry key="Default zone¤Population1¤TestMe2.0" objectid="26" type="ACTION" value="205e711c-afe8-4024-a8d3-519fc03f9ade"/>
<objectids-entry key="Default zone¤Population1¤TestMe2.0" objectid="27" type="ACTION" value="badc84c3-74a9-4070-a634-44207e42856f"/>
<objectids-entry key="Default zone¤Population1¤TestMe2.0" objectid="28" type="ACTION" value="e9ceeeca-6566-446b-83c7-daaa5a20c8d8"/>
<objectids-entry key="Default zone¤Population1¤TestMe2.0" objectid="29" type="ACTION" value="20fd2deb-9aae-4f86-896d-78bc6de86de2"/>
<objectids-entry key="Default zone¤Population1¤TestMe2.0" objectid="30" type="ACTION" value="0bf106aa-ca19-41df-b824-d84d22233fd9"/>
<objectids-entry key="Default zone¤Population1¤TestMe2.0" objectid="31" type="ACTION" value="6253926a-4f70-44d6-b124-de694d4a0e95"/>
<objectids-entry key="Default zone¤Check-TestMe2.0-41472-Population¤TestMe2.0¤e207de38-f461-4865-94a4-a4821c04d29d" objectid="32" type="SLA_THRESHOLD" value="33ece007-1073-499a-be24-b799dcf1f05f"/>
<objectids-entry key="Default zone¤Check-TestMe2.0-41472-Population¤TestMe2.0¤e207de38-f461-4865-94a4-a4821c04d29d" objectid="33" type="SLA_THRESHOLD" value="934c5a86-8954-4de4-9db9-e0a97fec6545"/>
<objectids-entry key="Default zone¤Check-TestMe2.0-41472-Population¤TestMe2.0¤e207de38-f461-4865-94a4-a4821c04d29d" objectid="34" type="SLA_THRESHOLD" value="1b428f7a-a8f6-4b10-ac7d-536d3b0050c4"/>
<objectids-entry key="Default zone¤Check-TestMe2.0-41472-Population¤TestMe2.0¤e207de38-f461-4865-94a4-a4821c04d29d" objectid="35" type="SLA_THRESHOLD" value="b45fa775-4dbc-4bcb-9a45-743d62a62caa"/>
<objectids-entry key="Default zone¤Check-TestMe2.0-41472-Population¤TestMe2.0¤e207de38-f461-4865-94a4-a4821c04d29d" objectid="36" type="SLA_THRESHOLD" value="1902bd25-9e6a-4983-9774-ba53d0e39a19"/>
<objectids-entry key="Default zone¤Check-TestMe2.0-41472-Population¤TestMe2.0¤e207de38-f461-4865-94a4-a4821c04d29d" objectid="37" type="SLA_THRESHOLD" value="dc9d4528-26e0-4c90-aa6b-1045c3c9533d"/>
<objectids-entry key="Default zone¤Check-TestMe2.0-41472-Population¤TestMe2.0¤e207de38-f461-4865-94a4-a4821c04d29d" objectid="38" type="SLA_THRESHOLD" value="7782569a-36f2-4a5e-8f54-c2b950dca987"/>
<objectids-entry key="Default zone¤Check-TestMe2.0-41472-Population¤TestMe2.0¤e207de38-f461-4865-94a4-a4821c04d29d" objectid="39" type="SLA_THRESHOLD" value="464b0ebd-a688-4859-8c6b-e16b144cf183"/>
<objectids-entry key="Default zone¤Check-TestMe2.0-41472-Population¤TestMe2.0¤e207de38-f461-4865-94a4-a4821c04d29d" objectid="40" type="SLA_THRESHOLD" value="357ce7aa-84e2-43f1-8efe-d1b3d8d439a8"/>
<objectids-entry key="Default zone¤Check-TestMe2.0-41472-Population¤TestMe2.0¤e207de38-f461-4865-94a4-a4821c04d29d" objectid="41" type="SLA_THRESHOLD" value="2960bc6e-3901-4f74-9a81-7e798a690b57"/>
<objectids-entry key="Default zone¤Check-TestMe2.0-41472-Population¤TestMe2.0¤e207de38-f461-4865-94a4-a4821c04d29d" objectid="42" type="SLA_THRESHOLD" value="4ecdde28-599a-45df-b331-6f4c3f151f8a"/>
<objectids-entry key="Default zone¤Check-TestMe2.0-41472-Population¤TestMe2.0¤e207de38-f461-4865-94a4-a4821c04d29d" objectid="43" type="SLA_THRESHOLD" value="4c10a9f6-8e5a-4fa1-8eff-9b6708ac1a83"/>
<objectids-entry key="Default zone¤Check-TestMe2.0-41472-Population¤TestMe2.0¤e207de38-f461-4865-94a4-a4821c04d29d" objectid="44" type="SLA_THRESHOLD" value="257baa09-75b7-45e1-a204-5dd89321238c"/>
<objectids-entry key="Default zone¤Check-TestMe2.0-41472-Population¤TestMe2.0¤e207de38-f461-4865-94a4-a4821c04d29d" objectid="45" type="SLA_THRESHOLD" value="b3351f53-bde8-43d8-8faa-dbe645a3f151"/>
<objectids-entry key="Default zone¤Check-TestMe2.0-41472-Population¤TestMe2.0¤e207de38-f461-4865-94a4-a4821c04d29d" objectid="46" type="SLA_THRESHOLD" value="8ede8645-3409-4cb0-aeb6-f70560fd985b"/>
<objectids-entry key="Default zone¤Population1¤TestMe2.0" objectid="47" type="BASIC_LOGICAL_CONTAINER" value="00f32355-282c-4bdf-9dc8-456e6ecc36f8"/>
<objectids-entry key="Default zone¤Population1¤TestMe2.0" objectid="48" type="HTTP_PAGE" value="76c80626-c637-4c9a-ae1f-36196c57a76f"/>
<objectids-entry key="Default zone¤Population1¤TestMe2.0" objectid="49" type="ACTION" value="ce295d05-25a0-4213-960c-a69f1d7d28ae"/>
<objectids-entry key="Default zone¤Population1¤TestMe2.0" objectid="50" type="ACTION" value="6b460611-666f-4ed1-acc0-18fd1f71eff1"/>
<objectids-entry key="Default zone¤Population1¤TestMe2.0" objectid="51" type="ACTION" value="8013812d-c8b0-4986-9bab-07375ee96d46"/>
<objectids-entry key="Default zone¤Population1¤TestMe2.0" objectid="52" type="ACTION" value="995af340-eb37-4985-ac30-73ba872ddfdd"/>
<objectids-entry key="Default zone¤Population1¤TestMe2.0" objectid="53" type="ACTION" value="be09b79a-76ee-42c2-82d6-4ef8e62b44c9"/>
<objectids-entry key="Default zone¤Population1¤TestMe2.0" objectid="54" type="ACTION" value="252cbb5d-58aa-4d49-b8ee-46e8d1cd69fc"/>
<objectids-entry key="Default zone¤Population1¤TestMe2.0" objectid="55" type="ACTION" value="b0410887-eeb2-47d8-9a40-8c57718e2050"/>
<objectids-entry key="Default zone¤Population1¤TestMe2.0" objectid="56" type="ACTION" value="7d23f6e7-08a7-483f-8df2-4e622b4ccd9c"/>
<objectids-entry key="Default zone¤Population1¤TestMe2.0" objectid="57" type="ACTION" value="27387af4-0c96-4012-8a7e-c3f8d22d66dd"/>
<objectids-entry key="Default zone¤Population1¤TestMe2.0" objectid="58" type="ACTION" value="4bf10719-59fa-465e-aaf6-77d470e4bebf"/>
<objectids-entry key="Default zone¤Population1¤TestMe2.0" objectid="59" type="ACTION" value="7b2e8897-1630-4a5d-9a7f-69f1b87a4559"/>
<objectids-entry key="Default zone¤Population1¤TestMe2.0" objectid="60" type="BASIC_LOGICAL_CONTAINER" value="$parent=TestMe2.0;$index=2"/>
<objectids-entry key="Default zone¤Population1¤TestMe2.0" objectid="61" type="BASIC_LOGICAL_CONTAINER" value="dc857d7a-6a24-49ff-82dc-1efec640becb"/>
<objectids-entry key="Default zone¤Population1¤TestMe2.0" objectid="62" type="HTTP_PAGE" value="b63ded04-a7ad-4a0b-bf4e-4fce5fa78d39"/>
<objectids-entry key="Default zone¤Population1¤TestMe2.0" objectid="63" type="ACTION" value="e102e6b5-f682-4e41-925c-62ce18b03e81"/>
<objectids-entry key="Default zone¤Population1¤TestMe2.0" objectid="64" type="ACTION" value="fbdd766f-d78b-4b89-b479-98bfe0930b06"/>
<objectids-entry key="Default zone¤Population1¤TestMe2.0" objectid="65" type="ACTION" value="cbeabe85-4bce-4e00-a76d-d3c52be0e06b"/>
<objectids-entry key="Default zone¤Population1¤TestMe2.0" objectid="66" type="ACTION" value="07a6f5e3-ffc4-4bc8-8dfd-e5fc7eb73b73"/>
<objectids-entry key="Default zone¤Population1¤TestMe2.0" objectid="67" type="ACTION" value="9694a211-4ee0-4408-88ff-834bd21213ba"/>
<objectids-entry key="Default zone¤Population1¤TestMe2.0" objectid="68" type="ACTION" value="be001df3-ca68-49c2-89d4-1757bfbb795a"/>
<objectids-entry key="Default zone¤Population1¤TestMe2.0" objectid="69" type="ACTION" value="119a59b7-cbf2-4946-b070-6cf40cf09908"/>
<objectids-entry key="Default zone¤Population1¤TestMe2.0" objectid="70" type="ACTION" value="134f9d3e-32d7-44db-8a32-e296c2e05007"/>
<objectids-entry key="Default zone¤Population1¤TestMe2.0" objectid="71" type="ACTION" value="d556a15a-e87c-4f41-82e0-63199abc7fb7"/>
<objectids-entry key="Default zone¤Population1¤TestMe2.0" objectid="72" type="ACTION" value="5f53664b-e069-4d5f-8d3d-c9ffae719f5a"/>
<objectids-entry key="Default zone¤Population1¤TestMe2.0" objectid="73" type="ACTION" value="a12dbf41-00bd-417a-a48f-4f7baf9370d6"/>
<objectids-entry key="Default zone¤Population1¤TestMe2.0" objectid="74" type="ACTION" value="ab1c4646-c0f3-4530-ad4b-820d7bda0cf9"/>
<objectids-entry key="Default zone¤Population1¤TestMe2.0" objectid="75" type="ACTION" value="dcde58fc-0340-455f-8a29-7cf33726270c"/>
<objectids-entry key="Default zone¤Population1¤TestMe2.0" objectid="76" type="ACTION" value="2c2a3466-5c53-4066-918d-aa7022a187c9"/>
<objectids-entry key="Default zone¤Population1¤TestMe2.0" objectid="77" type="ACTION" value="984aaf48-f08e-48e0-b280-ee104c7e21fb"/>
<objectids-entry key="Default zone¤Population1¤TestMe2.0" objectid="78" type="ACTION" value="fa68c778-1634-4135-862a-ce8b199b68f3"/>
<objectids-entry key="Default zone¤Population1¤TestMe2.0" objectid="79" type="ACTION" value="4c8c304a-34ca-438a-87be-9d757c1fe7f6"/>
<objectids-entry key="Default zone¤Population1¤TestMe2.0" objectid="80" type="ACTION" value="f681dbfd-89fa-4a52-9571-88334963ce71"/>
<objectids-entry key="Default zone¤Population1¤TestMe2.0" objectid="81" type="ACTION" value="d9e4580a-0ecd-4754-878e-5ac8e210f9a7"/>
<objectids-entry key="Default zone¤Population1¤TestMe2.0" objectid="82" type="ACTION" value="4bd830cd-985b-498c-9265-7671996f3cdd"/>
<objectids-entry key="Default zone¤Population1¤TestMe2.0" objectid="83" type="ACTION" value="4cb14ee8-3939-4dd3-9f56-4216f414302b"/>
<objectids-entry key="¤¤" objectid="84" type="MONITORED_HOST" value="NeoLoad"/>
<objectids-entry key="¤¤" objectid="85" type="MONITORCONNECTION" value="NeoLoad$NeoLoad"/>
<objectids-entry key="¤¤" objectid="86" type="MONITOR" value="NeoLoad$NeoLoad$UserLoad"/>
<objectids-entry key="¤¤" objectid="87" type="MONITOR" value="NeoLoad$NeoLoad$throughput"/>
<objectids-entry key="¤¤" objectid="88" type="MONITOR" value="NeoLoad$NeoLoad$Alerts"/>
<objectids-entry key="¤¤" objectid="89" type="MONITOR" value="NeoLoad$NeoLoad$CriticalAlerts"/>
<objectids-entry key="¤¤" objectid="90" type="MONITOR" value="NeoLoad$NeoLoad$WarningAlerts"/>
<objectids-entry key="¤¤" objectid="91" type="MONITOR" value="NeoLoad$NeoLoad$cpu"/>
<objectids-entry key="¤¤" objectid="92" type="THRESHOLD" value="NeoLoad$NeoLoad$541c7daf-2d0b-4f7a-ab5d-6b5df56f5854"/>
<objectids-entry key="¤¤" objectid="93" type="MONITOR" value="NeoLoad$NeoLoad$memory"/>
<objectids-entry key="¤¤" objectid="94" type="THRESHOLD" value="NeoLoad$NeoLoad$39152d8a-cfb6-4e0b-a57e-bfaa7032213b"/>
<objectids-entry key="¤¤" objectid="95" type="MONITOR" value="NeoLoad$NeoLoad$threadcount"/>
<objectids-entry key="¤¤" objectid="96" type="MONITOR" value="NeoLoad$NeoLoad$connectedlg"/>
<objectids-entry key="¤¤" objectid="97" type="MONITOR" value="NeoLoad$NeoLoad$totallgdisconnections"/>
<objectids-entry key="¤¤" objectid="98" type="THRESHOLD" value="NeoLoad$NeoLoad$201d6c10-e00c-4762-82d4-d2558372cbb9"/>
<objectids-entry key="¤¤" objectid="99" type="MONITOR" value="NeoLoad$NeoLoad$totallgreconnections"/>
<objectids-entry key="¤¤" objectid="100" type="MONITOR" value="NeoLoad$NeoLoad$otcp.NeoLoad"/>
<objectids-entry key="¤¤" objectid="101" type="MONITOR" value="NeoLoad$NeoLoad$tcp.NeoLoad"/>
<objectids-entry key="¤¤" objectid="102" type="MONITOR" value="NeoLoad$NeoLoad$ibytesperinterface~NeoLoad~wlan0"/>
<objectids-entry key="¤¤" objectid="103" type="MONITOR" value="NeoLoad$NeoLoad$obytesperinterface~NeoLoad~wlan0"/>
<objectids-entry key="¤¤" objectid="104" type="MONITOR" value="NeoLoad$NeoLoad$ibytesperinterface~NeoLoad~eth6"/>
<objectids-entry key="¤¤" objectid="105" type="MONITOR" value="NeoLoad$NeoLoad$obytesperinterface~NeoLoad~eth6"/>
<objectids-entry key="¤¤" objectid="106" type="MONITOR" value="NeoLoad$NeoLoad$ibytesperinterface~NeoLoad~eth0"/>
<objectids-entry key="¤¤" objectid="107" type="MONITOR" value="NeoLoad$NeoLoad$obytesperinterface~NeoLoad~eth0"/>
<objectids-entry key="¤¤" objectid="108" type="MONITOR" value="NeoLoad$NeoLoad$ibytesperinterface~NeoLoad~wlan2"/>
<objectids-entry key="¤¤" objectid="109" type="MONITOR" value="NeoLoad$NeoLoad$obytesperinterface~NeoLoad~wlan2"/>
<objectids-entry key="¤¤" objectid="110" type="MONITOR" value="NeoLoad$NeoLoad$nlwebdownload"/>
<objectids-entry key="¤¤" objectid="111" type="MONITOR" value="NeoLoad$NeoLoad$nlwebupload"/>
<objectids-entry key="¤¤" objectid="112" type="MONITOR" value="NeoLoad$NeoLoad$SapUserLoad"/>
<objectids-entry key="¤¤" objectid="113" type="MONITOR" value="NeoLoad$NeoLoad$zoneuserload~Default zone"/>
<objectids-entry key="¤¤" objectid="114" type="MONITOR" value="NeoLoad$NeoLoad$zoneuserloadperpopulation~Default zone~Population1"/>
<objectids-entry key="¤¤" objectid="115" type="MONITOR" value="NeoLoad$NeoLoad$zoneuserloadperpopulation~Default zone~Population1~TestMe2.0"/>
<objectids-entry key="¤¤" objectid="116" type="MONITORED_HOST" value="LG localhost:7100"/>
<objectids-entry key="¤¤" objectid="117" type="MONITORCONNECTION" value="LG localhost:7100$NeoLoad"/>
<objectids-entry key="¤¤" objectid="118" type="MONITOR" value="LG localhost:7100$NeoLoad$lgcpu.localhost:7100"/>
<objectids-entry key="¤¤" objectid="119" type="THRESHOLD" value="LG localhost:7100$NeoLoad$59f844e8-d36c-49ae-8da6-f069a3a85bbc"/>
<objectids-entry key="¤¤" objectid="120" type="MONITOR" value="LG localhost:7100$NeoLoad$lgmemory.localhost:7100"/>
<objectids-entry key="¤¤" objectid="121" type="THRESHOLD" value="LG localhost:7100$NeoLoad$9003c1ea-f1a1-4f90-bf2a-b2429a064a71"/>
<objectids-entry key="¤¤" objectid="122" type="MONITOR" value="LG localhost:7100$NeoLoad$lgthroughput.localhost:7100"/>
<objectids-entry key="¤¤" objectid="123" type="MONITOR" value="LG localhost:7100$NeoLoad$lguserloadperpopulation~localhost:7100"/>
<objectids-entry key="¤¤" objectid="124" type="MONITOR" value="LG localhost:7100$NeoLoad$lgthreadcount.localhost:7100"/>
<objectids-entry key="¤¤" objectid="125" type="MONITOR" value="LG localhost:7100$NeoLoad$lg.jetty.httpclient.threadpool.used.localhost:7100"/>
<objectids-entry key="¤¤" objectid="126" type="MONITOR" value="LG localhost:7100$NeoLoad$lg.jetty.httpclient.taskpool.used.localhost:7100"/>
<objectids-entry key="¤¤" objectid="127" type="THRESHOLD" value="LG localhost:7100$NeoLoad$c5b1273d-5218-4e77-ad1e-e7e543f4b041"/>
<objectids-entry key="¤¤" objectid="128" type="MONITOR" value="LG localhost:7100$NeoLoad$lgdisconnections.localhost:7100"/>
<objectids-entry key="¤¤" objectid="129" type="MONITOR" value="LG localhost:7100$NeoLoad$lgreconnections.localhost:7100"/>
<objectids-entry key="¤¤" objectid="130" type="MONITOR" value="LG localhost:7100$NeoLoad$lgping.localhost:7100"/>
<objectids-entry key="¤¤" objectid="131" type="MONITOR" value="LG localhost:7100$NeoLoad$lgotcp.localhost:7100"/>
<objectids-entry key="¤¤" objectid="132" type="MONITOR" value="LG localhost:7100$NeoLoad$lgtcp.localhost:7100"/>
<objectids-entry key="¤¤" objectid="133" type="MONITOR" value="LG localhost:7100$NeoLoad$lgibytesperinterface~localhost:7100~wlan0"/>
<objectids-entry key="¤¤" objectid="134" type="MONITOR" value="LG localhost:7100$NeoLoad$lgobytesperinterface~localhost:7100~wlan0"/>
<objectids-entry key="¤¤" objectid="135" type="MONITOR" value="LG localhost:7100$NeoLoad$lgibytesperinterface~localhost:7100~eth6"/>
<objectids-entry key="¤¤" objectid="136" type="MONITOR" value="LG localhost:7100$NeoLoad$lgobytesperinterface~localhost:7100~eth6"/>
<objectids-entry key="¤¤" objectid="137" type="MONITOR" value="LG localhost:7100$NeoLoad$lgibytesperinterface~localhost:7100~eth0"/>
<objectids-entry key="¤¤" objectid="138" type="MONITOR" value="LG localhost:7100$NeoLoad$lgobytesperinterface~localhost:7100~eth0"/>
<objectids-entry key="¤¤" objectid="139" type="MONITOR" value="LG localhost:7100$NeoLoad$lgibytesperinterface~localhost:7100~wlan2"/>
<objectids-entry key="¤¤" objectid="140" type="MONITOR" value="LG localhost:7100$NeoLoad$lgobytesperinterface~localhost:7100~wlan2"/>
</objectids-table>
<!--****** DURATION ******-->
<duration value="0"/>
<!--****** AGGREGATION PERIOD ******-->
<aggregation-period value="1000"/>
<!--****** EXTENDED STATISTICS ******-->
<truncated-mean centered-interval="true" percentage="90"/>
<percentile percentage="50"/>
</project>
